functie,functiegroep
Teamleider,Zorg
Verpleegkundige,Zorg
Activiteitenbegeleider,Zorg
Woonbegeleider,Zorg
Verzorgende IG,Zorg
Activiteitenbegeleider,Zorg
Teamleider,Zorg
Helpende,Zorg
Teamleider,Zorg
Kwaliteitsmedewerker,Zorg
Verpleegkundige,Zorg
Teamleider,Zorg
Zorgassistent,Zorg
Activiteitenbegeleider,Zorg
Kwaliteitsmedewerker,Zorg
Verpleegkundige,Zorg
Teamleider,Zorg
Verpleegkundige,Zorg
Kwaliteitsmedewerker,Zorg
Woonbegeleider,Zorg
Verpleegkundige,Zorg
Woonbegeleider,Zorg
Teamleider,Zorg
Kwaliteitsmedewerker,Zorg
Verzorgende IG,Zorg
Teamleider,Zorg
Kwaliteitsmedewerker,Zorg
Zorgassistent,Zorg
Woonbegeleider,Zorg
Teamleider,Zorg
Activiteitenbegeleider,Zorg
Zorgassistent,Zorg
Verpleegkundige,Zorg
Activiteitenbegeleider,Zorg
Activiteitenbegeleider,Zorg
Teamleider,Zorg
Verpleegkundige,Zorg
Teamleider,Zorg
Teamleider,Zorg
Verzorgende IG,Zorg
