uuid,firstName,name,identificationNo,dateOfBirth,gender
MW100001,Daan,de Vries,100000009,04-04-1983,M
MW100002,Hilde,Bakker,100000010,05-05-1990,V
MW100003,Roos,Jansen,100000022,06-06-1997,M
MW100004,Anna,Jansen,100000034,07-07-1966,V
MW100005,Quinn,Peters,100000046,08-08-1973,M
MW100006,Gijs,van Dijk,100000058,09-09-1980,V
MW100007,Omar,Peters,100000071,10-10-1987,M
MW100008,Anna,Dekker,100000083,11-11-1994,V
MW100009,Noor,Meijer,100000095,12-12-1963,M
MW100010,Gijs,Dekker,100000101,13-01-1970,V
MW100011,Carla,Mulder,100000113,14-02-1977,M
MW100012,Lars,Peters,100000125,15-03-1984,V
MW100013,Ben,van Dijk,100000137,16-04-1991,M
MW100014,Daan,Kok,100000149,17-05-1998,V
MW100015,Roos,Smit,100000150,18-06-1967,M
MW100016,Gijs,van Dijk,100000162,19-07-1974,V
MW100017,Hilde,Dekker,100000174,20-08-1981,M
MW100018,Hilde,Brouwer,100000186,21-09-1988,V
MW100019,Imke,Bos,100000198,22-10-1995,M
MW100020,Lars,Meijer,100000204,23-11-1964,V
MW100021,Imke,van Dijk,100000216,24-12-1971,M
MW100022,Femke,Vos,100000228,25-01-1978,V
MW100023,Omar,Mulder,100000241,26-02-1985,M
MW100024,Roos,Visser,100000253,27-03-1992,V
MW100025,Ben,Visser,100000265,01-04-1999,M
MW100026,Kim,Mulder,100000277,02-05-1968,V
MW100027,Gijs,Kok,100000289,03-06-1975,M
MW100028,Puck,Mulder,100000290,04-07-1982,V
MW100029,Imke,Bakker,100000307,05-08-1989,M
MW100030,Roos,Vos,100000319,06-09-1996,V
MW100031,Sam,Mulder,100000320,07-10-1965,M
MW100032,Hilde,Bakker,100000332,08-11-1972,V
MW100033,Ben,Brouwer,100000344,09-12-1979,M
MW100034,Femke,Dekker,100000356,10-01-1986,V
MW100035,Carla,Mulder,100000368,11-02-1993,M
MW100036,Omar,Vos,100000381,12-03-1962,V
MW100037,Anna,Hendriks,100000393,13-04-1969,M
MW100038,Roos,Dekker,100000411,14-05-1976,V
MW100039,Kim,Jansen,100000423,15-06-1983,M
MW100040,Femke,Bos,100000435,16-07-1990,V
